Serial Number,Installation Date,Model,Installed Phase / Month,PO Number,Zone,Block / Locations,Street Name,Location,Postal Code,Level,Lift Lobby,Adult Pads Replacement Date,Adult Pads Expiry Date,Adult Pads Lot Number,Pediatric Pads Replacement Date,Pediatric Pads Expiry Date,Pediatric Pads Lot Number,Battery Replacement History,Battery Expiry Date,PM Completed Date,Next PM Date,PM Interval Months,Job Type,Last Done By,Service Report e-SR,Remarks,Patrol Schedule,PM Schedule (H1),PM Schedule (H2),Repaired?,Latitude,Longitude,OneMap Address,Geocoding Status
X16B816938,05-10-2017,X17H943760,2A,,,122,Bukit Merah Lane 1,Blk 122 Bukit Merah Lane 1,150122,,Lift Lobby B,26-04-2024,06-04-2029,0124A,09-01-2026,08-11-2027,4525A,21-01-2023,01-03-2026,04-07-2025,01-07-2026,12,PM,Russell,e-SR15803,"PM Completed on 4 July 2025, e-SR15803 / PM Done (e-SR15542) on 16 Jan 2025, PM done on 5 Jan 2024, service report e-SR13151 PM done on 11 July 2023, service report e-SR12358",April,January,July,,1.2864588189976,103.804200246716,122 BUKIT MERAH LANE 1 SINGAPORE 150122,Success
X17G941204,05-10-2017,,2A,,,124,Bukit Merah Lane 1,Blk 124 Bukit Merah Lane 1,150124,,Lift Lobby A,22-09-2022,11-09-2027,2422,10-12-2025,11-10-2027,4125,21-08-2023,01-03-2026,04-07-2025,01-07-2026,12,PM,Russell,e-SR15803,"PM Completed on 4 July 2025, e-SR15803 / PM done on 5 Jan 2024, service report e-SR13151 PM done on 11 July 2023, service report e-SR12358",April,January,July,,1.28582331821306,103.803532208512,124 BUKIT MERAH LANE 1 SINGAPORE 150124,Success
X18K075125,27-06-2019,,2H,,,128,Bukit Merah View,Blk 128 Bukit Merah View,150128,1,Lift Lobby D,25-01-2025,16-02-1930,4624A,23-12-2025,04-10-2027,4025A,,01-03-2026,22-07-2026,01-07-2027,12,PM,Zihan,5928,"PM done on 22 July 2026,5928.PM Completed on 3 July 2025, e-SR15791 / PM done on 16 Jan 2025, e-SR15564. PM done on 9 Jan 2024, service report e-SR13148 PM done on 11 July 2023, service report e-SR12359",April,January,July,,1.28264675199072,103.823327111496,128 BUKIT MERAH VIEW BUKIT MERAH VIEW SINGAPORE 150128,Success
X18K075198,27-06-2019,,2H,,,130,Bukit Merah View,Blk 130 Bukit Merah View,150130,1,Lift Lobby D,09-01-2024,18-02-2029,4623E,23-12-2025,04-10-2027,4025A,,01-03-2026,22-07-2026,01-07-2027,12,PM+glass,Zihan,5932,"PM+glass done on 22 July 2026,5932.PM Completed on 3 July 2025, e-SR15791 / PM done on 16 Jan 2025, e-SR15564. PM + CPR done on 9 Jan 2024, service report e-SR13146  PM done on 11 July 2023, service report e-SR12359",April,January,July,,1.28458712798457,103.824360319186,130 BUKIT MERAH VIEW BUKIT MERAH VIEW SINGAPORE 150130,Success
X16A810545,03-05-2016,,1B,,,161,Bukit Merah Central,Blk 161 Bukit Merah Central,150161,,Lift Lobby A,,17-08-1930,2025B,15-04-2026,17-01-2028,326,21-09-2023,01-03-2026,21-07-2026,01-07-2027,12,PM,Zihan,5900,"PM done on 21 July 2026,5900.PM Completed on 3 July 2025, e-SR15791 / PM Done (e-SR15543) on 16 Jan 2025, PM done on 5 Jan 2024, service report e-SR13151 PM done on 11 July 2023, service report e-SR12359",April,January,July,,1.28391229397444,103.816006111441,161 BUKIT MERAH CENTRAL SINGAPORE 150161,Success
X16B817028,03-05-2016,,1B,,,165,Bukit Merah Central,Blk 165 Bukit Merah Central,150165,,Lift Lobby C,,16-11-1930,3325B,15-04-2026,17-01-2028,326,"9/21/2023,20/7/2026",01-03-1935,20-07-2026,01-07-2027,12,PM+batt,Zihan,5899,"PM +batt  done on 20 July 2026,5899.PM Completed on 3 July 2025, e-SR15791 / PM Done (e-SR15543) on 16 Jan 2025, PM done on 5 Jan 2024, service report e-SR13151 PM done on 11 July 2023, service report e-SR12359",April,January,July,,1.28305589307332,103.816692798132,165 BUKIT MERAH CENTRAL SINGAPORE 150165,Success
X17H943111,03-10-2017,,2A,,,39,Jalan Rumah Tinggi,Blk 39 Jalan Rumah Tinggi,151039,,Lift Lobby A,13-09-2022,04-09-2027,2322A,14-04-2026,17-01-2028,326,,01-03-2026,20-07-2026,01-07-2027,12,PM,Zihan,5898,"PM done on 20 July 2026,5898.PM Completed on 4 July 2025, e-SR15798 / PM Done (e-SR15543) on 16 Jan 2025, PM done on 3 Jan 2024, service report e-SR13154 PM done on 12 July 2023, service report e-SR12364",April,January,July,,1.2886333428931,103.810015901011,39 JALAN RUMAH TINGGI RUMAH TINGGI VIEW SINGAPORE 151039,Success
X17H942430,05-10-2017,,2A,,,47,Lengkok Bahru,Blk 47 Lengkok Bahru,151047,,Lift Lobby B,14-09-2022,04-09-2027,2322A,17-06-2026,14-02-2028,726,21-09-2023,01-03-2026,20-07-2026,01-07-2027,12,PM,Zihan,5886,"PM done on 20 July 2026,5886.PM Completed on 4 July 2025, e-SR15798 / PM Done (e-SR15543) on 16 Jan 2025, PM done on 5 Jan 2024, service report e-SR13149 PM done on 10 July 2023, service report e-SR12357",April,January,July,,1.28715147473337,103.811832692492,47 LENGKOK BAHRU SINGAPORE 151047,Success
X17H943140,05-10-2017,,2A,,,55,Lengkok Bahru,Blk 55 Lengkok Bahru,151055,,Lift Lobby C,14-09-2022,04-09-2027,2322A,17-06-2026,14-02-2028,726,21-09-2023,01-03-2026,20-07-2026,01-07-2027,12,PM,Zihan,5883,"PM done on 20 July 2026,5883.PM Completed on 4 July 2025, e-SR15796 / PM done on 16 Jan 2025, e-SR15566. PM done on 5 Jan 2024, service report e-SR13149  PM done on 10 July 2023, service report e-SR12357",April,January,July,,1.28744981772847,103.81344506122,55 LENGKOK BAHRU SINGAPORE 151055,Success
X17G941447,04-10-2017,,2A,,,57,Lengkok Bahru,Blk 57 Lengkok Bahru,151057,,Lift Lobby A,14-09-2022,04-09-2027,2322A,10-12-2025,11-10-2027,4125,21-09-2023,01-03-2026,20-07-2026,01-07-2027,12,PM,Zihan,5882,"PM done on 20 July 2026,5882.PM Completed on 4 July 2025, e-SR15796 / PM done on 16 Jan 2025, e-SR15566. PM done on 5 Jan 2024, service report e-SR13149 PM done on 10 July 2023, service report e-SR12357",April,January,July,,,,,
X16B816942,03-05-2016,,1B,,,74A,Redhill Road,Blk 74A Redhill Road,151074,,Lift Lobby B,,16-11-1930,3325B,14-04-2026,17-01-2028,326,21-09-2023,01-03-2026,20-07-2026,01-07-2027,12,PM,Zihan,5876,"PM done on 20 July 2026,5876.PM Completed on 4 July 2025, e-SR15796 / PM done on 16 Jan 2025, e-SR15564. PM done on 5 Jan 2024, service report e-SR13150 PM done on 11 July 2023, service report e-SR12360",April,January,July,,,,,
X21H400832,03-05-2016,X16B817018,1B,,,77A,Redhill Road,Blk 77A Redhill Road,151077,,Lift Lobby B,,25-12-2026,3921A,05-05-2025,05-04-2027,1425,02-06-2025,01-03-1934,03-07-2025,01-07-2026,12,PM,Russell,e-SR15795,"PM Completed on 3 July 2025, e-SR15795 / Activation + Batteries done on 2 june 2025 /PM done on 16 Jan 2025, e-SR15564. PM done on 5 Jan 2024, service report e-SR13149 PM + Pedi done on 11 July 2023, service report e-SR12361",April,January,July,,,,,
